11/25/19 11:55:45 AM	Dana	Stowte	dstowte6h@infoseek.co.jp	Male	Ukraine
11/25/19 02:14:24 PM	Yvor	Eldrid	yeldrid6h@washington.edu	Male	Palestinian Territory
11/25/19 02:14:25 PM	Nick	Antal	nantalx@bloomberg.com	Male	Indonesia
11/25/19 02:14:26 PM	Malcolm	Yorston	myorstonm@tinypic.com	Male	Germany
11/25/19 02:14:29 PM	Buddy	Bigrigg	bbigriggrq@elpais.com	Male	China
11/25/19 02:14:30 PM	Emmalynn	Weafer	eweaferrr@1688.com	Female	Japan
11/25/19 02:14:33 PM	Lovell	Annon	lannon0@cdbaby.com	Male	China
11/25/19 02:14:34 PM	Wandie	Pyrton	wpyrton1@hp.com	Female	Poland
11/25/19 02:14:34 PM	Horatio	Keyzor	hkeyzor2@digg.com	Male	China
11/25/19 02:21:13 PM	Murdock	Shadfourth		Male	Philippines
11/25/19 02:21:16 PM	Wandie	Pyrton		Female	Poland
11/25/19 02:21:17 PM	Lovell	Annon		Male	China
11/25/19 02:21:18 PM	Wandie	Pyrton		Female	Poland
11/25/19 02:21:18 PM	Horatio	Keyzor		Male	China
11/25/19 02:21:18 PM	Murdock	Shadfourth		Male	Philippines
11/25/19 02:21:18 PM	Penelopa	Fenelon		Female	Philippines
11/25/19 02:23:42 PM	Yvor	Eldrid		Male	Palestinian Territory
11/25/19 02:23:43 PM	Wandie	Pyrton		Female	Poland
11/25/19 02:23:43 PM	Horatio	Keyzor		Male	China
11/25/19 02:23:44 PM	Nick	Antal		Male	Indonesia
11/25/19 02:23:44 PM	Murdock	Shadfourth		Male	Philippines
11/25/19 02:23:45 PM	Murdock	Shadfourth		Male	Philippines
11/25/19 02:23:49 PM	Lovell	Annon		Male	China
11/25/19 02:23:49 PM	Wandie	Pyrton		Female	Poland
11/25/19 02:23:49 PM	Horatio	Keyzor		Male	China
11/25/19 02:23:49 PM	Murdock	Shadfourth		Male	Philippines
11/25/19 02:23:50 PM	Lovell	Annon		Male	China
11/25/19 02:23:50 PM	Wandie	Pyrton		Female	Poland
11/25/19 02:23:50 PM	Horatio	Keyzor		Male	China
11/25/19 02:25:09 PM	Yvor	Eldrid		Male	Palestinian Territory
11/25/19 02:25:10 PM	Yvor	Eldrid		Male	Palestinian Territory
11/25/19 02:25:11 PM	Yvor	Eldrid		Male	Palestinian Territory
11/25/19 02:25:11 PM	Yvor	Eldrid		Male	Palestinian Territory
11/25/19 02:25:13 PM	Meaghan	Hatchard		Female	Sweden
11/25/19 02:25:15 PM	Chrysa	Basson		Female	United States
11/25/19 02:25:16 PM	Lovell	Annon		Male	China
11/25/19 02:25:16 PM	Wandie	Pyrton		Female	Poland
11/25/19 02:25:17 PM	Horatio	Keyzor		Male	China
11/25/19 02:26:32 PM	Rafferty	Harkess		Male	Poland
11/25/19 02:26:34 PM	Consolata	Merwood		Female	Russia
11/25/19 02:26:35 PM	Tildi	Wynter		Female	Kenya
11/25/19 02:26:36 PM	Lovell	Annon		Male	China
11/25/19 02:26:36 PM	Wandie	Pyrton		Female	Poland
11/25/19 02:27:43 PM	Horatio	Keyzor		Male	China
11/25/19 02:27:47 PM	Latrena	Soal		Female	China
11/25/19 02:27:50 PM	Raeann	Bamlett		Female	Czech Republic
11/25/19 02:27:52 PM	Idette	Tremmil		Female	Japan
11/25/19 02:27:55 PM	Isahella	Hounsom		Female	Brazil
11/25/19 02:27:58 PM	Toddie	Echlin		Male	China
11/25/19 02:28:01 PM	Dagmar	Dunnico		Female	Japan
11/25/19 02:28:02 PM	Wynnie	Messenbird		Female	Bangladesh
11/25/19 02:28:04 PM	Walt	O'Hern		Male	China
11/25/19 02:28:08 PM	Wainwright	Piscopiello		Male	Greece
11/25/19 02:30:57 PM	Toddie	Echlin		Male	China
11/25/19 02:30:59 PM	Malcolm	Yorston		Male	Germany
11/25/19 02:31:16 PM	Merrielle	Traher		Female	China
11/25/19 02:31:18 PM	Penelopa	Fenelon		Female	Philippines
11/25/19 02:31:38 PM	Nick	Antal		Male	Indonesia
11/25/19 02:31:40 PM	Malcolm	Yorston		Male	Germany
11/25/19 02:34:25 PM	Nick	Antal		Male	Indonesia
